Hour,Wind Speed
0,1.5125290155410769
1,1.5203235149383545
2,1.4810662269592283
3,1.442163586616516
4,1.4238553047180176
5,1.414299488067627
6,1.3939762115478516
7,1.3605912923812866
8,1.4717127084732056
9,1.5970911979675293
10,1.6449923515319824
11,1.7258728742599487
12,1.6904690265655518
13,1.6672031879425049
14,1.5942704677581787
15,1.4681625366210938
16,1.3754534721374512
17,1.3836658000946045
18,1.353115439414978
19,1.3165013790130615
20,1.3122738599777222
21,1.313210129737854
22,1.3181501626968384
23,1.3355540037155151
0,1.376252055168152
1,1.4136706590652466
2,1.4226734638214111
3,1.4252398014068604
4,1.404008150100708
5,1.3690835237503052
6,1.3309605121612549
7,1.2825599908828735
8,1.3700042963027954
9,1.4395091533660889
10,1.4925788640975952
11,1.480816125869751
12,1.4817575216293335
13,1.4747793674468994
14,1.4470239877700806
15,1.4205855131149292
16,1.2998112440109253
17,1.2253503799438477
18,1.2430202960968018
19,1.238494873046875
20,1.2577427625656128
21,1.2623746395111084
22,1.2608258724212646
23,1.2904866933822632
0,1.3435641527175903
1,1.393317699432373
2,1.4155842065811155
3,1.425260066986084
4,1.4243559837341309
5,1.4293639659881592
6,1.421398639678955
7,1.3957247734069824
8,1.484976291656494
9,1.5401394367218018
10,1.5282585620880127
11,1.5044409036636353
12,1.489797592163086
13,1.455037236213684
14,1.4632914066314695
15,1.536887288093567
16,1.4771443605422974
17,1.3193306922912598
18,1.3401739597320557
19,1.3553962707519531
20,1.406299352645874
21,1.4167487621307373
22,1.4352608919143677
23,1.4303350448608398
0,1.4128865003585815
1,1.4234052896499634
2,1.4402865171432495
3,1.4502813816070557
4,1.4507009983062744
5,1.4383748769760132
6,1.4118094444274902
7,1.3777583837509155
8,1.5096296072006226
9,1.6313345432281494
10,1.6096380949020386
11,1.6013987064361572
12,1.6073988676071167
13,1.615848183631897
14,1.569546818733215
15,1.5093040466308594
16,1.4152960777282717
17,1.353527307510376
18,1.3762807846069336
19,1.3820823431015017
20,1.3763396739959717
21,1.3245065212249756
22,1.2962713241577148
23,1.3076493740081787
0,1.3353077173233032
1,1.334814429283142
2,1.311872482299805
3,1.319251537322998
4,1.3276803493499756
5,1.333258032798767
6,1.3156808614730835
7,1.3056106567382812
8,1.387543797492981
9,1.5183377265930176
10,1.5968868732452393
11,1.6046711206436155
12,1.6231443881988523
13,1.6438992023468018
14,1.6641253232955933
15,1.6094375848770142
16,1.5101150274276731
17,1.3558995723724363
18,1.388518214225769
19,1.3917027711868286
20,1.390783190727234
21,1.3777738809585571
22,1.370697021484375
23,1.3971567153930664
0,1.4271551370620728
1,1.4461510181427002
2,1.4385687112808228
3,1.4088759422302246
4,1.378705382347107
5,1.372816562652588
6,1.3689063787460327
7,1.335187554359436
8,1.4394406080245972
9,1.4617540836334229
10,1.4696394205093384
11,1.4572188854217532
12,1.4468384981155396
13,1.4087786674499512
14,1.4537067413330078
15,1.4942057132720947
16,1.4126975536346436
17,1.2680047750473022
18,1.2295252084732056
19,1.2077816724777222
20,1.2384426593780518
21,1.2785162925720217
22,1.291099190711975
23,1.2889593839645386
0,1.2462033033370972
1,1.2126535177230835
2,1.1828653812408447
3,1.181397795677185
4,1.192039966583252
5,1.1940678358078003
6,1.1715518236160278
7,1.1610826253890991
8,1.1183115243911743
9,1.2108163833618164
10,1.2668105363845823
11,1.2908889055252075
12,1.332949995994568
13,1.3308368921279907
14,1.295418381690979
15,1.244853973388672
16,1.0760663747787476
17,1.0222985744476318
18,0.9949132800102234
19,0.9957267045974731
20,1.0087467432022097
21,1.0371956825256348
22,1.0705938339233398
23,1.0891315937042236
0,1.101090908050537
1,1.118313908576965
2,1.1163616180419922
3,1.1036279201507568
4,1.1059304475784302
5,1.1176347732543943
6,1.127526044845581
7,1.1363967657089231
8,1.1713839769363403
9,1.175966739654541
10,1.2349523305892944
11,1.2787086963653564
12,1.2874631881713867
13,1.2803181409835815
14,1.2594704627990725
15,1.2138134241104126
16,1.1751514673233032
17,1.132237434387207
18,1.1539688110351562
19,1.1909781694412231
20,1.1370234489440918
21,1.0511106252670288
22,1.0121392011642456
23,1.0217608213424685
0,1.0402276515960691
1,1.0447108745574951
2,1.051593542098999
3,1.0611445903778076
4,1.0492336750030518
5,1.0135858058929443
6,0.9562131762504578
7,0.9203073978424072
8,0.9158645272254944
9,0.95291930437088
10,1.0398236513137815
11,1.1397933959960938
12,1.2193527221679688
13,1.2568180561065674
14,1.261314868927002
15,1.240913987159729
16,1.169397234916687
17,1.1300722360610962
18,1.1417486667633057
19,1.1285734176635742
20,1.097753405570984
21,1.0995500087738037
22,1.132195234298706
23,1.14951491355896
0,1.149380445480347
1,1.162718415260315
2,1.1495771408081057
3,1.1280581951141355
4,1.105270504951477
5,1.0754268169403076
6,1.0350563526153564
7,0.9983476400375366
8,0.9711039066314696
9,0.9999884366989136
10,1.047806978225708
11,1.0954526662826538
12,1.119367241859436
13,1.10915207862854
14,1.1265571117401123
15,1.0565645694732666
16,0.9884790778160096
17,0.9687706232070924
18,0.9812923073768616
19,1.0254467725753784
20,1.044155478477478
21,1.0406308174133299
22,1.0494780540466309
23,1.0682005882263184
0,1.0812169313430786
1,1.0888134241104126
2,1.0768389701843262
3,1.0718269348144531
4,1.0782231092453003
5,1.0924111604690552
6,1.0843087434768677
7,1.0547875165939329
8,1.0908632278442385
9,1.1079874038696291
10,1.221681833267212
11,1.286576747894287
12,1.3656375408172607
13,1.3860894441604614
14,1.362619400024414
15,1.3519558906555176
16,1.321192979812622
17,1.1075807809829712
18,1.1532450914382937
19,1.184442400932312
20,1.2268837690353394
21,1.2551546096801758
22,1.264876127243042
23,1.2667218446731567
0,1.2602767944335938
1,1.2629104852676392
2,1.2439100742340088
3,1.2055807113647459
4,1.1617231369018557
5,1.11543607711792
6,1.0447517633438108
7,1.0017967224121094
8,1.0244152545928955
9,1.1176317930221558
10,1.1631064414978027
11,1.1716971397399902
12,1.1756902933120728
13,1.1367148160934448
14,1.1270005702972412
15,1.1505378484725952
16,1.102997660636902
17,1.0576379299163818
18,1.0537447929382324
19,1.076937913894653
20,1.1117191314697266
21,1.130682110786438
22,1.142308235168457
23,1.1746690273284912
0,1.2183626890182495
1,1.2603620290756226
2,1.2495816946029663
3,1.2153985500335691
4,1.1642470359802246
5,1.1076533794403076
6,1.0607587099075315
7,1.050470948219299
8,1.1033101081848145
9,1.1858136653900146
10,1.2518126964569092
11,1.2559325695037842
12,1.2345869541168213
13,1.2152550220489502
14,1.1817970275878906
15,1.0745090246200562
16,1.0418009757995603
17,1.016973614692688
18,0.9783393740653992
19,0.9599068164825441
20,1.0017474889755251
21,1.030970335006714
22,1.035054087638855
23,1.0482434034347534
0,1.0883969068527222
1,1.126094102859497
2,1.1094579696655271
3,1.0693881511688232
4,1.023592829704285
5,0.98196542263031
6,0.9560015201568604
7,0.9464911818504332
8,0.9912975430488586
9,0.9779958724975586
10,0.9378958344459534
11,0.9117791652679444
12,0.8954942226409912
13,0.9283859729766846
14,1.044265866279602
15,1.1187279224395752
16,1.0894842147827148
17,0.9721513986587524
18,0.9330383539199828
19,0.9529337882995604
20,0.980604648590088
21,1.0330755710601809
22,1.0239485502243042
23,0.9928472638130188
0,0.9482367038726808
1,0.9145550727844238
2,0.8872941732406616
3,0.8583754897117615
4,0.8547451496124268
5,0.8789603114128113
6,0.8969874978065491
7,0.8822288513183594
8,0.8594237565994263
9,0.8543339967727661
10,0.8493322134017944
11,0.8661455512046814
12,0.8570911884307861
13,0.8347676992416382
14,0.8127889633178711
15,0.7970896363258362
16,0.7795955538749695
17,0.7630618214607239
18,0.777018129825592
19,0.7850437164306641
20,0.7804152965545654
21,0.7864487767219543
22,0.8130245208740234
23,0.8633188605308533
0,0.907179594039917
1,0.9361477494239808
2,0.9231475591659546
3,0.9005173444747925
4,0.8768343329429626
5,0.8581720590591431
6,0.8347544074058533
7,0.8648505806922913
8,0.9074347615242004
9,0.9260994791984558
10,0.9575960040092468
11,1.0131334066390991
12,1.050196647644043
13,1.0350961685180664
14,1.0069795846939087
15,0.9611420035362244
16,0.8528720140457153
17,0.7645199298858643
18,0.7774839997291565
19,0.8361466526985168
20,0.8945512175559998
21,0.8726057410240173
22,0.8218922019004822
23,0.819405198097229
0,0.8324806094169617
1,0.8518576622009277
2,0.8589501976966858
3,0.8705992102622986
4,0.8846942186355591
5,0.883672833442688
6,0.8573439717292786
7,0.8811848759651184
8,0.9000481367111206
9,0.9351167082786559
10,0.9137512445449828
11,0.8695601224899292
12,0.8257031440734863
13,0.7835534811019897
14,0.7571620941162109
15,0.6861903071403503
16,0.6267973184585571
17,0.5888025164604187
18,0.5872232913970947
19,0.6030424237251282
20,0.5854201912879944
21,0.5650944709777832
22,0.5689236521720886
23,0.6100540161132812
0,0.6623243093490601
1,0.7157555222511292
2,0.753625750541687
3,0.7749739289283752
4,0.7865220904350281
5,0.7892041802406311
6,0.7511588931083679
7,0.7502567172050476
8,0.706141471862793
9,0.6064488291740417
10,0.4843974709510803
11,0.3648415803909302
12,0.3358966112136841
13,0.4112509787082672
14,0.5035204291343689
15,0.5479614734649658
16,0.5386270880699158
17,0.5316261649131775
18,0.5307476520538329
19,0.5314301252365112
20,0.5321545600891113
21,0.5713903307914734
22,0.5798681378364563
23,0.5860416293144226
0,0.5946987271308899
1,0.6258804798126221
2,0.602236270904541
3,0.6009051203727722
4,0.5729705095291138
5,0.5024529695510864
6,0.4592570662498474
7,0.4138634204864502
8,0.3198384940624237
9,0.2313274294137955
10,0.2210937887430191
11,0.3207746148109436
12,0.4220249354839325
13,0.5136881470680237
14,0.5987599492073059
15,0.6535830497741699
16,0.6528668403625488
17,0.66277015209198
18,0.6981353759765625
19,0.7278431057929993
20,0.7081159353256226
21,0.6834756731987
22,0.6782798767089844
23,0.6829757690429688
0,0.6632511615753174
1,0.642765998840332
2,0.6195245385169983
3,0.5995115041732788
4,0.5909152626991272
5,0.5322108268737793
6,0.4892176985740662
7,0.5101048946380615
8,0.5594577789306641
9,0.6097450852394104
10,0.6325076222419739
11,0.6685317754745483
12,0.7345568537712097
13,0.814647912979126
14,0.8551666736602783
15,0.8949460983276367
16,0.8515652418136597
17,0.8323951363563538
18,0.805212140083313
19,0.8158202767372131
20,0.8113707900047302
21,0.8115487694740295
22,0.8054634928703308
23,0.7958821654319763
0,0.7996655106544495
1,0.8091262578964233
2,0.7562892436981201
3,0.6790292263031006
4,0.6175687313079834
5,0.5536916851997375
6,0.4955016076564789
7,0.4665625989437103
8,0.499900609254837
9,0.564735472202301
10,0.5798746943473816
11,0.6002252101898193
12,0.6938298344612122
13,0.7665576338768005
14,0.8928686380386353
15,0.8434463739395142
16,0.9781693816184998
17,0.8838246464729309
18,0.9372525215148926
19,0.9583961963653564
20,0.9561975002288818
21,0.9354414343833924
22,0.9240748286247252
23,0.9158275127410888
0,0.8891968727111816
1,0.856502890586853
2,0.7922275066375732
3,0.7403643131256104
4,0.6910384893417358
5,0.6260114908218384
6,0.5294064283370972
7,0.5035112500190735
8,0.425572007894516
9,0.3640979528427124
10,0.3487027883529663
11,0.3242064416408539
12,0.3620168268680573
13,0.5139663219451904
14,0.6528452038764954
15,0.8251200914382935
16,0.8669125437736511
17,0.9185649752616882
18,0.9416099190711976
19,1.0202736854553225
20,1.051331877708435
21,1.045709490776062
22,1.0306609869003296
23,1.0169832706451416
0,1.0053950548171997
1,1.012984037399292
2,0.9931613206863404
3,0.9770460724830629
4,0.9824813604354858
5,0.9827827215194702
6,0.9812690615653992
7,1.0012911558151243
8,1.0938187837600708
9,1.178813934326172
10,1.2266699075698853
11,1.2816907167434692
12,1.2838587760925293
13,1.1775970458984375
14,1.2176966667175293
15,1.0900369882583618
16,1.1059386730194092
17,1.1069740056991575
18,1.1757988929748535
19,1.2097684144973757
20,1.1869359016418457
21,1.1611294746398926
22,1.1695116758346558
23,1.1763887405395508
0,1.1536251306533811
1,1.1274843215942385
2,1.0870499610900881
3,1.0424677133560178
4,0.9941659569740297
5,0.9457093477249146
6,0.8812757730484009
7,0.9346327781677246
8,0.9326041936874391
9,0.9882990121841432
10,0.9936746954917908
11,0.9946784377098083
12,1.0044782161712646
13,1.0164667367935178
14,1.038627862930298
15,0.9920110702514648
16,0.9704622626304626
17,0.937153160572052
18,0.9109728336334229
19,0.8752341866493225
20,0.8721365928649902
21,0.885183572769165
22,0.8973544836044312
23,0.9303325414657592
0,0.9708974957466124
1,1.0061031579971311
2,0.9844083786010742
3,0.9465662240982056
4,0.9053887128829956
5,0.8664654493331909
6,0.8346865773200989
7,0.8344956040382385
8,0.9112887978553772
9,0.9743639230728148
10,1.0232651233673096
11,1.0451772212982178
12,1.0399154424667358
13,1.0252205133438108
14,0.9951759576797484
15,0.9741290211677552
16,0.9237002730369568
17,0.8245562314987183
18,0.8281452059745789
19,0.8765228390693665
20,0.9029973745346068
21,0.8680714964866638
22,0.8582078218460083
23,0.853195071220398
0,0.8523173332214355
1,0.8487192392349243
2,0.8417024016380309
3,0.8567432761192322
4,0.8683753609657288
5,0.8868116736412048
6,0.8879165053367615
7,0.930687129497528
8,1.0258908271789549
9,1.0732184648513794
10,1.083784103393555
11,1.0906996726989746
12,1.1319578886032104
13,1.0923933982849119
14,1.0822625160217283
15,1.0701224803924558
16,1.083976984024048
17,1.0819082260131836
18,1.1020593643188477
19,1.0879893302917478
20,1.075411677360535
21,1.0777211189270022
22,1.1035985946655271
23,1.1167796850204468
0,1.1061791181564329
1,1.0822155475616455
2,1.0756403207778928
3,1.090890407562256
4,1.0792374610900881
5,1.0470131635665894
6,1.0240720510482788
7,1.0082385540008545
8,0.9911534190177916
9,0.985566020011902
10,0.979089379310608
11,1.0682576894760132
12,1.10412859916687
13,1.142605543136597
14,1.1822431087493896
15,1.2177773714065552
16,0.9619911313056946
17,0.9745934009552002
18,0.9494303464889526
19,0.9733030200004578
20,1.0674110651016235
21,1.0882394313812256
22,1.0765775442123413
23,1.0965199470520022
0,1.1299818754196167
1,1.1599509716033936
2,1.154290795326233
3,1.1178315877914429
4,1.0792028903961182
5,1.0472660064697266
6,1.0036721229553225
7,0.9860970377922058
8,1.1291345357894895
9,1.2096532583236694
10,1.2805954217910769
11,1.30932879447937
12,1.3724504709243774
13,1.4127713441848757
14,1.42448091506958
15,1.3636802434921265
16,1.2458235025405884
17,1.1414169073104858
18,1.1113370656967163
19,1.1199215650558472
20,1.1490461826324463
21,1.1572271585464478
22,1.1670548915863037
23,1.184028387069702
0,1.192122220993042
1,1.1975570917129517
2,1.2098408937454224
3,1.2196739912033079
4,1.195959210395813
5,1.1419011354446411
6,1.0802819728851318
7,1.0907003879547121
8,1.1146152019500732
9,1.1624385118484497
10,1.2276864051818848
11,1.2729450464248655
12,1.3421591520309448
13,1.3435193300247192
14,1.3250665664672852
15,1.3047173023223877
16,1.2146222591400146
17,1.189285159111023
18,1.1763310432434082
19,1.1865215301513672
20,1.1964867115020752
21,1.208119511604309
22,1.2128026485443115
23,1.2167187929153442
0,1.212493896484375
1,1.1908873319625854
2,1.1750696897506714
3,1.1580941677093506
4,1.1286541223526
5,1.0991249084472656
6,1.089300274848938
7,1.1101627349853516
8,1.121579647064209
9,1.229390025138855
10,1.3054423332214355
11,1.3861874341964722
12,1.4301066398620603
13,1.4353907108306885
14,1.4172632694244385
15,1.3888180255889893
16,1.239986777305603
17,1.2035175561904907
18,1.1813995838165283
19,1.1745223999023438
20,1.2129285335540771
21,1.309146285057068
22,1.3879128694534302
23,1.4066225290298462
0,1.4003516435623171
1,1.3907105922698977
2,1.3732160329818726
3,1.3550846576690674
4,1.341022253036499
5,1.323161005973816
6,1.304076910018921
7,1.2973947525024414
8,1.2697343826293943
9,1.2553389072418213
10,1.2856773138046265
11,1.3411026000976562
12,1.325074553489685
13,1.32579505443573
14,1.3240848779678345
15,1.2851227521896362
16,1.2468796968460083
17,1.2435082197189329
18,1.2653441429138184
19,1.2778325080871582
20,1.2827171087265017
21,1.2775918245315552
22,1.2743947505950928
23,1.2872813940048218
0,1.3058167695999146
1,1.3266823291778564
2,1.3202993869781494
3,1.3015481233596802
4,1.2786493301391602
5,1.2298731803894043
6,1.145250916481018
7,1.1180663108825684
8,1.131059169769287
9,1.150567650794983
10,1.2407482862472534
11,1.2976478338241575
12,1.2746458053588867
13,1.2696915864944458
14,1.2037471532821655
15,1.17717444896698
16,1.1546854972839355
17,1.1295993328094482
18,1.0995538234710691
19,1.068389654159546
20,1.0440263748168943
21,1.0361438989639282
22,1.0508915185928345
23,1.089245080947876
0,1.1316859722137451
1,1.1693556308746338
2,1.1818885803222656
3,1.1811397075653076
4,1.1433666944503784
5,1.0870685577392578
6,1.0169018507003784
7,0.9615695476531982
8,0.9420737028121948
9,0.9609330892562866
10,1.0842691659927368
11,1.1546680927276611
12,1.1473914384841921
13,1.1087608337402344
14,1.0449348688125608
15,0.9413134455680848
16,0.933860957622528
17,0.9082990288734436
18,0.8818748593330383
19,0.9168853163719176
20,0.9345691800117492
21,0.9487911462783812
22,0.965332567691803
23,0.9760273098945618
0,0.9884622693061828
1,0.998099446296692
2,0.967155694961548
3,0.9276257157325744
4,0.8964628577232361
5,0.8839436173439026
6,0.8796751499176025
7,0.8838667869567871
8,0.9719695448875428
9,1.0615612268447876
10,1.118885159492493
11,1.1667757034301758
12,1.201802372932434
13,1.1992872953414917
14,1.2111061811447144
15,1.1782894134521484
16,1.1076804399490356
17,1.08765709400177
18,1.0773172378540041
19,1.0714844465255735
20,1.0505976676940918
21,1.0379384756088257
22,1.0386470556259155
23,1.0402358770370483
0,1.0015006065368652
1,0.9511058926582336
2,0.9221038818359376
3,0.8959052562713623
4,0.8683211803436279
5,0.8422386050224304
6,0.817478358745575
7,0.8172507882118225
8,0.8924126625061035
9,0.9281784296035768
10,0.9844484329223632
11,0.9967815279960632
12,1.0063213109970093
13,1.0088086128234863
14,0.987390398979187
15,0.9332007169723512
16,0.9251747727394104
17,0.9260202646255492
18,0.9557051658630372
19,0.96217280626297
20,0.9492703676223756
21,0.9287927746772766
22,0.9303210973739624
23,0.9709071516990662
0,1.0226155519485474
1,1.0534969568252563
2,1.0277429819107056
3,1.0002064704895022
4,0.9769237041473388
5,0.9724916219711304
6,0.961050271987915
7,0.9992243647575378
8,1.0597470998764038
9,1.059416651725769
10,1.0887565612792969
11,1.0541206598281858
12,1.020560622215271
13,1.0042612552642822
14,0.928544819355011
15,1.0050721168518066
16,1.0102511644363403
17,1.0537023544311523
18,1.0659518241882324
19,1.0746328830718994
20,1.0971552133560178
21,1.1368408203125
22,1.1668795347213743
23,1.1810086965560913
0,1.1869125366210938
1,1.1950371265411377
2,1.1732404232025146
3,1.1517945528030396
4,1.1343122720718384
5,1.1286380290985107
6,1.13056480884552
7,1.1061185598373413
8,1.1634736061096191
9,1.2025139331817627
10,1.20090913772583
11,1.1996562480926514
12,1.2026571035385132
13,1.2011798620224
14,1.190936803817749
15,1.110057711601257
16,1.0543100833892822
17,1.0764847993850708
18,1.1081075668334959
19,1.1635956764221191
20,1.203583598136902
21,1.2063342332839966
22,1.1965631246566772
23,1.1819374561309814
0,1.1672207117080688
1,1.1569836139678955
2,1.1485185623168943
3,1.1199604272842407
4,1.0882351398468018
5,1.0508964061737058
6,1.0077911615371704
7,1.0263955593109129
8,1.0790612697601318
9,1.1167166233062744
10,1.164004683494568
11,1.168769121170044
12,1.1485133171081543
13,1.1150739192962646
14,1.1159735918045044
15,1.0535781383514404
16,1.0302586555480957
17,1.0513665676116943
18,1.0862020254135132
19,1.1320160627365112
20,1.1171585321426392
21,1.0826809406280518
22,1.0542488098144531
23,1.04577374458313
0,1.0399510860443115
1,1.0079901218414309
2,0.9770790934562684
3,0.95888090133667
4,0.9348052144050598
5,0.8945271372795105
6,0.8444629311561584
7,0.8341947793960571
8,0.8817583918571472
9,0.9414054155349731
10,1.0452511310577393
11,1.138921856880188
12,1.2279905080795288
13,1.2859086990356443
14,1.3198117017745972
15,1.3260921239852903
16,1.208098292350769
17,1.1133511066436768
18,1.0760380029678345
19,1.0356731414794922
20,1.015806794166565
21,1.047283172607422
22,1.0627329349517822
23,1.0585185289382937
0,1.0172758102416992
1,0.9690865874290466
2,0.9443325400352478
3,0.9397629499435424
4,0.9363006353378296
5,0.9264955520629884
6,0.921300768852234
7,0.9634652733802797
8,1.0103542804718018
9,1.0606846809387207
10,1.103554129600525
11,1.0977380275726318
12,1.074376940727234
13,1.0403499603271484
14,1.0417474508285522
15,0.9367547631263732
16,0.9055991172790528
17,0.8694828152656555
18,0.8418550491333008
19,0.8181744813919067
20,0.8524283170700073
21,0.9001257419586182
22,0.955115020275116
23,1.0148588418960571
0,1.0630910396575928
1,1.0787431001663208
2,1.043370246887207
3,0.9905207753181458
4,0.96245938539505
5,0.9471165537834167
6,0.9218946099281312
7,0.9688206315040588
8,0.9900016784667968
9,1.0028728246688845
10,0.962759256362915
11,0.933302402496338
12,0.9128156304359436
13,0.8920980095863342
14,0.9118069410324096
15,0.877346396446228
16,0.8836762309074402
17,0.9618673920631408
18,1.013835310935974
19,1.0433980226516724
20,1.0430606603622437
21,1.037883758544922
22,1.0511603355407717
23,1.06201434135437
0,1.0460268259048462
1,1.0289789438247678
2,0.9860425591468812
3,0.9504136443138124
4,0.912420928478241
5,0.8538001775741577
6,0.7887780666351318
7,0.8207754492759705
8,0.8508555889129639
9,0.8458287715911865
10,0.8349811434745789
11,0.8135740756988525
12,0.8034541010856628
13,0.7853077054023743
14,0.7932102680206299
15,0.8201351165771484
16,0.7610762119293213
17,0.7748801112174988
18,0.7815120816230774
19,0.77476966381073
20,0.7821881175041199
21,0.7951265573501587
22,0.8109191060066223
23,0.8303359746932983
0,0.8398900628089905
1,0.8404583930969238
2,0.8262596130371094
3,0.8069024682044983
4,0.7825818061828613
5,0.759156346321106
6,0.7428284287452698
7,0.8281048536300659
8,0.8289349675178528
9,0.7828967571258545
10,0.7370779514312744
11,0.6928896307945251
12,0.6654638648033142
13,0.6576013565063477
14,0.7106415629386902
15,0.7413318157196045
16,0.7639597654342651
17,0.7645046710968018
18,0.792826771736145
19,0.8064746856689453
20,0.8015989065170288
21,0.8078038096427917
22,0.8077223300933838
23,0.802526593208313
0,0.7944358587265015
1,0.798966646194458
2,0.8284639120101929
3,0.8578358292579651
4,0.8675280809402466
5,0.8619456887245178
6,0.8422780036926271
7,0.8772863745689392
8,0.930333375930786
9,0.8872972130775452
10,0.8245304226875305
11,0.7842056751251221
12,0.785941481590271
13,0.7996792197227478
14,0.8245137929916382
15,0.8119491934776306
16,0.8089823126792908
17,0.8168812990188599
18,0.8625279068946838
19,0.8912518620491028
20,0.8970252871513367
21,0.887523353099823
22,0.8845493197441101
23,0.8902045488357544
0,0.9015390276908876
1,0.9049844741821288
2,0.8870462775230408
3,0.8564892411231995
4,0.8168395757675171
5,0.7818495631217957
6,0.7558044195175171
7,0.7822628617286682
8,0.8629052639007568
9,0.9125840663909912
10,0.9349769353866576
11,0.955338180065155
12,0.9330416917800904
13,0.927395224571228
14,0.9570548534393309
15,0.9107745885849
16,0.9185611009597778
17,0.93288654088974
18,0.9643364548683168
19,0.991109013557434
20,0.988142192363739
21,0.9845136404037476
22,0.9688314199447632
23,0.967635452747345
0,0.961327850818634
1,0.955152988433838
2,0.9367492198944092
3,0.917289972305298
4,0.8927516937255859
5,0.8706237673759459
6,0.8597344160079956
7,0.8818225264549255
8,0.951736569404602
9,1.009201169013977
10,1.0472309589385986
11,1.095906376838684
12,1.1171389818191528
13,1.1437102556228638
14,1.1364153623580933
15,1.093250036239624
16,1.0061382055282593
17,0.9094243049621582
18,0.8814747929573059
19,0.9482542872428894
20,1.0050065517425537
21,1.0141143798828125
22,1.0232256650924685
23,1.0331720113754272
0,1.0529059171676636
1,1.0660585165023804
2,1.0439454317092896
3,0.996118664741516
4,0.9412267804145812
5,0.9143803119659424
6,0.8986428380012512
7,0.9015172123908995
8,0.9673009514808656
9,0.9961006641387941
10,1.0173768997192385
11,1.043237328529358
12,1.0545902252197266
13,1.0666131973266602
14,1.0668647289276123
15,1.0919663906097412
16,1.052699327468872
17,1.0153986215591428
18,1.0200878381729126
19,1.0441657304763794
20,1.0480512380599976
21,1.04510498046875
22,1.0636676549911501
23,1.095224380493164
0,1.122455358505249
1,1.1228119134902954
2,1.0952147245407104
3,1.0564234256744385
4,0.9890148639678956
5,0.9126459956169128
6,0.8383049368858337
7,0.7770187258720398
8,0.8853927850723267
9,0.9707332253456116
10,1.0148212909698486
11,1.0589847564697266
12,1.0914371013641355
13,1.1192066669464111
14,1.123510241508484
15,1.0751477479934692
16,0.9828467965126038
17,0.9574427008628844
18,0.971329629421234
19,0.984729826450348
20,0.9983784556388856
21,1.0227203369140625
22,1.054046392440796
23,1.099672794342041
0,1.147295355796814
1,1.1838294267654421
2,1.1595056056976318
3,1.1228110790252686
4,1.1070300340652466
5,1.0840191841125488
6,1.0537527799606323
7,1.0160434246063232
8,1.120623230934143
9,1.1644128561019895
10,1.15804922580719
11,1.1879967451095579
12,1.1754367351531982
13,1.207840085029602
14,1.222562313079834
15,1.1637468338012695
16,1.0382277965545654
17,0.9886740446090698
18,0.982960879802704
19,0.9855267405509948
20,1.0171213150024414
21,1.0448178052902222
22,1.0642223358154297
23,1.0871638059616089
0,1.1190698146820068
1,1.121756911277771
2,1.081633448600769
3,1.0312674045562744
4,0.97299063205719
5,0.9109581112861632
6,0.8361964225769043
7,0.7774617671966553
8,0.8439271450042725
9,0.8981293439865112
10,0.9957348108291626
11,1.072520732879639
12,1.1568012237548828
13,1.1948624849319458
14,1.2037690877914429
15,1.2132848501205444
16,1.1956628561019895
17,1.0254300832748413
18,0.9858146905899048
19,0.9786893725395204
20,0.9708118438720704
21,1.000718355178833
22,1.033702731132507
23,1.0572662353515625
0,1.0587180852890017
1,1.0676710605621338
2,1.0767310857772827
3,1.0695698261260986
4,1.0666987895965576
5,1.0500963926315308
6,1.0146813392639158
7,1.0027679204940796
8,1.033725380897522
9,1.0892642736434937
10,1.1101146936416626
11,1.1271369457244873
12,1.1448930501937866
13,1.1533820629119873
14,1.1638065576553345
15,1.1571861505508425
16,1.1080256700515747
17,0.96584552526474
18,0.9541725516319276
19,0.9715614318847656
20,0.9662167429924012
21,0.9600377678871156
22,0.9613940119743348
23,0.9722152948379515
0,0.9734618663787842
1,0.9704529047012328
2,0.9698593020439148
3,0.9338414072990416
4,0.9087693691253662
5,0.8878875970840454
6,0.8446623086929321
7,0.8256998062133789
8,0.8292141556739807
9,0.7785756587982178
10,0.7156416773796082
11,0.6235142946243286
12,0.5611147284507751
13,0.5538437962532043
14,0.6013510227203369
15,0.6229718923568726
16,0.6608244776725769
17,0.6825757622718811
18,0.7026761770248413
19,0.7253209948539734
20,0.7269008755683899
21,0.699402928352356
22,0.6844696402549744
23,0.6790854930877686
0,0.6771714091300964
1,0.6663600206375122
2,0.635511040687561
3,0.6164751648902893
4,0.6033791303634644
5,0.5865502953529358
6,0.5636574625968933
7,0.6041470170021057
8,0.5881862640380859
9,0.4971296489238739
10,0.3879428505897522
11,0.286702960729599
12,0.25375255942344666
13,0.2798623740673065
14,0.3570053577423096
15,0.3776342868804932
16,0.4042136371135712
17,0.4245254695415497
18,0.4207775592803955
19,0.3994140625
20,0.3933487236499785
21,0.4183738231658936
22,0.44714289903640747
23,0.4619024693965912
0,0.4619648158550263
1,0.4467826783657074
2,0.4192395806312561
3,0.3901501297950745
4,0.35924163460731506
5,0.343616396188736
6,0.3329513669013977
7,0.346228301525116
8,0.3409304320812225
9,0.27265170216560364
10,0.21585974097251887
11,0.21274995803833008
12,0.2648133337497711
13,0.3507329523563385
14,0.4264816641807556
15,0.4299480020999909
16,0.4131980240345001
17,0.39225587248802185
18,0.4088869988918304
19,0.4148238003253937
20,0.3788498640060425
21,0.3634133040904999
22,0.35356149077415466
23,0.33009737730026245
0,0.32652992010116577
1,0.3402186930179596
2,0.3574759364128113
3,0.3689844906330109
4,0.3833480775356293
5,0.39092278480529785
6,0.3814572989940643
7,0.390101820230484
8,0.3824000954627991
9,0.3039277791976929
10,0.23853327333927155
11,0.17204058170318606
12,0.18903124332427976
13,0.2627831995487213
14,0.3503230214118957
15,0.3927651047706604
16,0.3874485194683075
17,0.3730838894844055
18,0.3960087299346924
19,0.4235632121562958
20,0.4132051169872284
21,0.4124580919742584
22,0.3914483785629273
23,0.3641832172870636
0,0.3415565490722656
1,0.3157550692558289
2,0.2860226929187775
3,0.2483227401971817
4,0.21579059958457947
5,0.2181355357170105
6,0.26441338658332825
7,0.3447367250919342
8,0.4122289419174193
9,0.4900723099708557
10,0.5020706057548523
11,0.4897275567054749
12,0.4776635766029358
13,0.4705928266048432
14,0.4602627754211426
15,0.41417542099952703
16,0.3731465339660645
17,0.3189541697502136
18,0.32665136456489563
19,0.3417974710464477
20,0.31831708550453186
21,0.35101544857025146
22,0.3807781338691712
23,0.40801656246185297
0,0.4794583916664124
1,0.4715171158313751
2,0.4219090044498444
3,0.3935926854610443
4,0.3488815426826477
5,0.3164973556995392
6,0.2409422993659973
7,0.16822268068790436
8,0.09108784049749374
9,0.1070135086774826
10,0.18122853338718412
11,0.2690623998641968
12,0.3448971211910248
13,0.3852075338363648
14,0.4097852110862732
15,0.38898926973342896
16,0.3523829281330109
17,0.29468798637390137
18,0.2706398367881775
19,0.2358046770095825
20,0.22422167658805847
21,0.22107599675655365
22,0.2512994408607483
23,0.24944917857646945
0,0.20673967897892
1,0.18225988745689392
2,0.13802345097064972
3,0.11568817496299745
4,0.0997341051697731
5,0.08496184647083282
6,0.0931953638792038
7,0.14115780591964722
8,0.20738235116004944
9,0.27161812782287603
10,0.3385372459888458
11,0.4076895415782929
12,0.4589257836341858
13,0.4500580430030823
14,0.4121365547180176
15,0.34826621413230896
16,0.30827319622039795
17,0.309103786945343
18,0.3162565529346466
19,0.2979342341423035
20,0.2801979780197144
21,0.2609733939170837
22,0.2434675991535187
23,0.20718616247177124
0,0.21060560643672946
1,0.2558467984199524
2,0.25625908374786377
3,0.2465701550245285
4,0.2823269665241241
5,0.3668508529663086
6,0.3930615484714508
7,0.43234944343566895
8,0.4977224469184876
9,0.5405571460723877
10,0.5477160811424255
11,0.5242300629615784
12,0.533919632434845
13,0.5202580094337463
14,0.4755532741546631
15,0.432966411113739
16,0.3920063078403473
17,0.39049068093299866
18,0.4096618890762329
19,0.4211253523826599
20,0.4419476687908173
21,0.4483954608440399
22,0.4471853673458099
23,0.4307713806629181
0,0.3866459429264069
1,0.36069196462631226
2,0.3438349366188049
3,0.338950514793396
4,0.34767693281173706
5,0.3623650074005127
6,0.3739996254444122
7,0.43065884709358215
8,0.499561458826065
9,0.5324259996414185
10,0.4801797866821289
11,0.4355974793434143
12,0.4048082232475281
13,0.3572908937931061
14,0.3204350769519806
15,0.3075202703475952
16,0.2692811489105225
17,0.2485979944467545
18,0.2436840981245041
19,0.24480147659778595
20,0.26274216175079346
21,0.2892046272754669
22,0.2899466753005981
23,0.2979067265987396
0,0.32113948464393616
1,0.2875475883483887
2,0.2290418744087219
3,0.1514817327260971
4,0.08475962281227112
5,0.04316028207540512
6,0.061926539987325675
7,0.1126583069562912
8,0.19592493772506714
9,0.2656717598438263
10,0.29605671763420105
11,0.3288923799991608
12,0.3670305609703064
13,0.4002136290073395
14,0.360512524843216
15,0.32547226548194885
16,0.2470485121011734
17,0.20610913634300232
18,0.20351609587669373
19,0.19073019921779635
20,0.1723698377609253
21,0.15247313678264618
22,0.1224549189209938
23,0.08920194208621979
0,0.0707816332578659
1,0.05711525306105614
2,0.05541177839040756
3,0.0811077207326889
4,0.10246503353118896
5,0.13357597589492798
6,0.1636551171541214
7,0.15807124972343445
8,0.1979884207248688
9,0.24474407732486725
10,0.2520722448825836
11,0.27897286415100103
12,0.28673577308654785
13,0.29188960790634155
14,0.27766308188438416
15,0.2355722784996033
16,0.2077594548463821
17,0.18447403609752652
18,0.1653042882680893
19,0.13531377911567688
20,0.08822797238826753
21,0.06189340725541115
22,0.09608117491006853
23,0.14413221180438995
0,0.19131498038768768
1,0.23864495754241946
2,0.2592748999595642
3,0.2676620781421661
4,0.2829948365688324
5,0.3010061979293823
6,0.3125333786010742
7,0.305451899766922
8,0.4008015692234039
9,0.4541397094726562
10,0.4458010792732239
11,0.4273702502250672
12,0.38374209403991705
13,0.3070523142814636
14,0.1910635381937027
15,0.08939199894666673
16,0.0263808686286211
17,0.04456464946269989
18,0.055148202925920486
19,0.038446489721536636
20,0.04095389321446419
21,0.10870910435914992
22,0.16987648606300354
23,0.21331539750099185
0,0.25021424889564514
1,0.2938541769981384
2,0.3146224319934845
3,0.3085995018482208
4,0.2651373147964477
5,0.2470655292272568
6,0.24735267460346225
7,0.2554994821548462
8,0.3328347206115723
9,0.34636589884758
10,0.31156235933303833
11,0.27929937839508057
12,0.2469403445720673
13,0.2659355401992798
14,0.3118599057197571
15,0.3476134538650513
16,0.3558509349822998
17,0.3473253548145294
18,0.3559800684452057
19,0.3652366399765015
20,0.3375597596168518
21,0.3405139148235321
22,0.3522244989871979
23,0.35923343896865845
0,0.3573044240474701
1,0.3544897139072418
2,0.3334469199180603
3,0.3130323588848114
4,0.2897918522357941
5,0.26432278752326965
6,0.2404902279376984
7,0.21863123774528506
8,0.2506193518638611
9,0.2781764268875122
10,0.27408796548843384
11,0.2914815843105316
12,0.3309359848499298
13,0.3861821889877319
14,0.4107180237770081
15,0.4462262094020844
16,0.4981271624565125
17,0.5534332990646362
18,0.6039451956748962
19,0.6155428886413574
20,0.576980710029602
21,0.5081785917282104
22,0.4698243141174317
23,0.4552634060382843
0,0.4465796053409576
1,0.4455573558807373
2,0.4460687935352325
3,0.43989062309265137
4,0.42427536845207214
5,0.4081071317195892
6,0.3963943719863892
7,0.4146698713302612
8,0.4651404023170471
9,0.5298855304718018
10,0.6226862668991089
11,0.6986883878707886
12,0.7460678815841675
13,0.7886232137680054
14,0.7807184457778931
15,0.6520493626594543
16,0.6283441781997681
17,0.6155906319618225
18,0.5957797169685364
19,0.5731683969497681
20,0.5815240740776062
21,0.6116909980773926
22,0.6351356506347656
23,0.6637865900993347
0,0.6932749152183533
1,0.7119371891021729
2,0.6964011788368225
3,0.6707137227058411
4,0.6422702074050903
5,0.6134594678878784
6,0.5830066204071045
7,0.5830450057983398
8,0.6414403319358826
9,0.6651012301445007
10,0.6345493793487549
11,0.6021736264228821
12,0.5776585340499878
13,0.5600125193595886
14,0.5337740778923035
15,0.4664308726787567
16,0.4736157953739166
17,0.5460706353187561
18,0.5439659357070923
19,0.5313731431961061
20,0.5379916429519653
21,0.5551586747169495
22,0.5637954473495483
23,0.5776640772819519
0,0.5906640291213989
1,0.5920753479003906
2,0.6024573445320129
3,0.6096328496932983
4,0.6145031452178955
5,0.6070834994316101
6,0.5882453322410583
7,0.5924858450889587
8,0.6425098180770874
9,0.650320827960968
10,0.6601527333259583
11,0.6527228355407715
12,0.6520377993583679
13,0.6554495692253113
14,0.6244407296180725
15,0.5759232640266418
16,0.5487762689590454
17,0.5558018684387207
18,0.590184211730957
19,0.6077754497528076
20,0.6021695137023926
21,0.596289336681366
22,0.598475456237793
23,0.6063706278800964
0,0.6169931292533875
1,0.6227265000343323
2,0.6069141626358032
3,0.5790700316429138
4,0.5485979318618774
5,0.5190781354904175
6,0.4879150092601776
7,0.4683815538883209
8,0.4656879603862762
9,0.4589064121246338
10,0.4595564305782318
11,0.4806950688362122
12,0.5051255226135254
13,0.5147083401679993
14,0.5354331731796265
15,0.5077024698257446
16,0.4685650169849396
17,0.4578239023685455
18,0.4516472518444061
19,0.4375947117805481
20,0.4209480285644531
21,0.401583731174469
22,0.41239863634109497
23,0.4344296455383301
0,0.4560085833072662
1,0.4792662858963013
2,0.474391371011734
3,0.4613647758960724
4,0.4611329734325409
5,0.4596608877182007
6,0.4443626403808594
7,0.4508511424064636
8,0.39510414004325867
9,0.3956623375415802
10,0.4146572053432465
11,0.3975744545459747
12,0.36623999476432795
13,0.3117862045764923
14,0.311209112405777
15,0.2910102307796478
16,0.2710630297660828
17,0.2831243574619293
18,0.2743310332298279
19,0.3009599447250366
20,0.3261025846004486
21,0.3612005710601807
22,0.3861912488937378
23,0.3934585750102997
0,0.404973566532135
1,0.4271741211414337
2,0.4399436116218567
3,0.4570736289024353
4,0.4778497815132141
5,0.4992237389087677
6,0.5211614370346069
7,0.5666593909263611
8,0.6225672960281372
9,0.6459407210350037
10,0.657459557056427
11,0.6704623699188232
12,0.67704176902771
13,0.6749858856201172
14,0.6372880339622498
15,0.6230459809303284
16,0.5986243486404419
17,0.6098264455795288
18,0.6404460072517395
19,0.6854890584945679
20,0.6974408030509949
21,0.6858012676239014
22,0.6748935580253601
23,0.6752813458442688
0,0.6849716901779175
1,0.6964219212532043
2,0.6711937785148621
3,0.651619017124176
4,0.6440913677215576
5,0.6402671337127686
6,0.6356112957000732
7,0.6380892992019653
8,0.7540252804756165
9,0.8083268404006958
10,0.8326885104179382
11,0.8430833220481873
12,0.8410546779632568
13,0.8213928937911987
14,0.7748984098434448
15,0.7790915369987488
16,0.7647413015365601
17,0.7378254532814026
18,0.7271116375923157
19,0.7350597977638245
20,0.7510907053947449
21,0.7749767899513245
22,0.7962139844894409
23,0.8164920210838318
0,0.8291335105895996
1,0.8263784050941467
2,0.8011655211448669
3,0.7829235792160034
4,0.772126317024231
5,0.7575830221176147
6,0.7408648133277893
7,0.7142491936683655
8,0.7521589398384094
9,0.8349624276161194
10,0.8786219358444214
11,0.8763163089752197
12,0.8632497191429138
13,0.8452329039573669
14,0.8302681446075441
15,0.8185439705848694
16,0.7297958135604858
17,0.7056705951690674
18,0.6974188089370728
19,0.6899243593215942
20,0.6833382844924927
21,0.6822644472122192
22,0.6777203679084778
23,0.6810507774353027
0,0.6874202489852905
1,0.6729962825775146
2,0.6338058114051819
3,0.5952432155609131
4,0.5674747228622437
5,0.5409970283508301
6,0.5155172944068909
7,0.4983999133110046
8,0.6089798808097839
9,0.666887104511261
10,0.6789636611938477
11,0.6648743748664856
12,0.6602375507354736
13,0.6625880599021912
14,0.6271809935569763
15,0.5816378593444824
16,0.5657923221588135
17,0.5661627650260925
18,0.5455266833305359
19,0.5140851736068726
20,0.4818559885025024
21,0.4445559978485107
22,0.42692214250564575
23,0.41089218854904175
0,0.3743011653423309
1,0.33698728680610657
2,0.2914272248744965
3,0.256114274263382
4,0.2362765222787857
5,0.2279966622591019
6,0.24030621349811554
7,0.20774178206920624
8,0.14158879220485687
9,0.08897875249385834
10,0.09023315459489822
11,0.15308699011802673
12,0.2658521234989166
13,0.3772878646850586
14,0.4235744774341583
15,0.4417988955974579
16,0.4043697118759155
17,0.3749256432056427
18,0.3640062212944031
19,0.3186306357383728
20,0.22863513231277466
21,0.143530935049057
22,0.10492321848869324
23,0.11607509851455687
0,0.16528403759002686
1,0.2261880487203598
2,0.20721015334129333
3,0.1549873650074005
4,0.10802963376045227
5,0.11252954602241516
6,0.15311941504478455
7,0.15773415565490725
8,0.1016128957271576
9,0.1372728943824768
10,0.17821237444877625
11,0.2026144862174988
12,0.2248239666223526
13,0.2484708875417709
14,0.24298395216465
15,0.21055775880813601
16,0.16868916153907776
17,0.15984854102134705
18,0.18149003386497495
19,0.2249729186296463
20,0.2700006067752838
21,0.3025268316268921
22,0.3155291676521301
23,0.30612272024154663
0,0.2903008460998535
1,0.2886765897274017
2,0.2844301164150238
3,0.2832963466644287
4,0.2822407782077789
5,0.2771308422088623
6,0.2741314172744751
7,0.3050244748592377
8,0.3652508854866028
9,0.42266908288002014
10,0.4663830399513245
11,0.4937999844551086
12,0.5246146321296692
13,0.5437723994255066
14,0.5222864151000977
15,0.4731492400169373
16,0.4613036215305328
17,0.5031772851943971
18,0.5462701916694641
19,0.5677953958511353
20,0.587485134601593
21,0.597910463809967
22,0.6056806445121765
23,0.6094011068344116
0,0.6030375957489014
1,0.5801927447319031
2,0.5240783095359802
3,0.4683875143527985
4,0.4176229238510132
5,0.38477781414985657
6,0.3524728119373321
7,0.3193183541297913
8,0.35663849115371704
9,0.385036051273346
10,0.3716161847114563
11,0.31962189078330994
12,0.2881883382797241
13,0.28869426250457764
14,0.3016752302646637
15,0.26755449175834656
16,0.21288688480854034
17,0.1664406806230545
18,0.16997355222702026
19,0.19102348387241366
20,0.198250949382782
21,0.16285011172294614
22,0.14008522033691406
23,0.15050314366817474
0,0.17341114580631256
1,0.1970168799161911
2,0.2151733636856079
3,0.23973490297794345
4,0.2541179656982422
5,0.2749177813529968
6,0.28816789388656616
7,0.3279452919960022
8,0.4138399958610535
9,0.4744508564472199
10,0.506395161151886
11,0.50020831823349
12,0.4794511198997498
13,0.4311724007129669
14,0.3805220127105713
15,0.3416328728199005
16,0.2747231125831604
17,0.2595542073249817
18,0.26961204409599304
19,0.2839917242527008
20,0.2901737689971924
21,0.2719450891017914
22,0.26429614424705505
23,0.2931657135486603
0,0.30896592140197754
1,0.3201360106468201
2,0.31884393095970154
3,0.32794320583343506
4,0.3345150351524353
5,0.3408678472042084
6,0.3423033654689789
7,0.3637756705284119
8,0.4157910943031311
9,0.4351559281349182
10,0.4432908594608307
11,0.4248653054237366
12,0.3847886621952057
13,0.3515000343322754
14,0.3449166715145111
15,0.3295358121395111
16,0.26993227005004883
17,0.2620533108711243
18,0.273967444896698
19,0.3096783757209778
20,0.3501300811767578
21,0.3489365577697754
22,0.3347809314727783
23,0.3122642934322357
0,0.2891028225421905
1,0.2816646099090576
2,0.27821460366249084
3,0.2806555926799774
4,0.3008878231048584
5,0.3182342350482941
6,0.3370489776134491
7,0.3781300187110901
8,0.447638601064682
9,0.4737682640552521
10,0.4550761580467224
11,0.4073396027088165
12,0.3573191463947296
13,0.32297709584236145
14,0.2811696529388428
15,0.25630074739456177
16,0.24366143345832825
17,0.2956807315349579
18,0.3558352589607239
19,0.40914615988731373
20,0.462789237499237
21,0.5118786096572876
22,0.5527222752571106
23,0.5866571068763733
0,0.6113246083259583
1,0.6407315135002136
2,0.6355113387107849
3,0.6180117726325989
4,0.6087040901184082
5,0.5992549061775208
6,0.5854820609092712
7,0.5725303292274475
8,0.6364848017692566
9,0.7289798855781555
10,0.8144948482513428
11,0.8483005166053772
12,0.8517807722091675
13,0.7527043223381042
14,0.7074363827705383
15,0.6100271344184875
16,0.5515693426132202
17,0.5230239629745483
18,0.5417828559875488
19,0.5588787198066711
20,0.5887936949729919
21,0.611350417137146
22,0.6205801963806152
23,0.6188117861747742
0,0.5950417518615723
1,0.5674276351928711
2,0.5411810874938965
3,0.5255694389343262
4,0.52557373046875
5,0.5277191400527954
6,0.527154803276062
7,0.5278610587120056
8,0.5779212117195129
9,0.6507391333580017
10,0.6238865852355957
11,0.5593730211257935
12,0.503321647644043
13,0.4668215215206146
14,0.4413650333881378
15,0.34142234921455383
16,0.2466532289981842
17,0.19790226221084595
18,0.18240420520305636
19,0.1666851043701172
20,0.1824091523885727
21,0.22284173965454104
22,0.2394998818635941
23,0.24985332787036896
0,0.27744874358177185
1,0.31311434507369995
2,0.33251234889030457
3,0.3536153733730316
4,0.373170018196106
5,0.3993965983390808
6,0.420097678899765
7,0.4588031768798828
8,0.5269207358360289
9,0.5457305908203125
10,0.5470464229583739
11,0.5390825867652893
12,0.5381107330322266
13,0.5236160755157471
14,0.4851297736167908
15,0.43808361887931824
16,0.3619256913661957
17,0.3279751241207123
18,0.31006333231925964
19,0.300175815820694
20,0.28063032031059265
21,0.2478412985801697
22,0.1857147216796875
23,0.15185528993606567
0,0.14031754434108734
1,0.11210543662309648
2,0.10287470370531082
3,0.10246337950229643
4,0.1193389892578125
5,0.13821648061275482
6,0.15047992765903473
7,0.16227902472019196
8,0.19533492624759674
9,0.2208741456270218
10,0.20767410099506375
11,0.1826520562171936
12,0.17185015976428986
13,0.1858358085155487
14,0.20698973536491394
15,0.23955476284027102
16,0.23641063272953036
17,0.2348718494176865
18,0.21913675963878632
19,0.19792865216732025
20,0.17899897694587708
21,0.15765713155269626
22,0.14730878174304962
23,0.14419420063495636
0,0.13918113708496094
1,0.12882496416568756
2,0.09831947833299637
3,0.06995472311973573
4,0.041768789291381836
5,0.02326462045311928
6,0.0432889461517334
7,0.0580836571753025
8,0.08228150755167007
9,0.1039583906531334
10,0.12326575070619585
11,0.14979039132595062
12,0.18449559807777405
13,0.2392508089542389
14,0.2458473443984985
15,0.2477418929338455
16,0.2347419261932373
17,0.19710932672023773
18,0.20140749216079712
19,0.18703672289848328
20,0.1416199803352356
21,0.0969729945063591
22,0.07729600369930267
23,0.08134455978870392
0,0.08690468966960907
1,0.10493569821119307
2,0.08246991783380507
3,0.06748947501182556
4,0.09864163398742676
5,0.1307450532913208
6,0.16061174869537356
7,0.17524729669094086
8,0.20792391896247864
9,0.2556324005126953
10,0.27052634954452515
11,0.2661767601966858
12,0.2745771110057831
13,0.3020358979701996
14,0.2794554829597473
15,0.2319692224264145
16,0.16495370864868164
17,0.11595581471920012
18,0.09460967779159546
19,0.09669993072748184
20,0.1215074360370636
21,0.13462796807289126
22,0.14365939795970914
23,0.1541430503129959
0,0.163302481174469
1,0.1770080327987671
2,0.1599777489900589
3,0.148491233587265
4,0.16554835438728333
5,0.18969565629959104
6,0.2025487720966339
7,0.2173742353916168
8,0.2414877563714981
9,0.2427425980567932
10,0.2188076376914978
11,0.1867386102676392
12,0.17591595649719238
13,0.20572218298912048
14,0.2256069779396057
15,0.22082345187664032
16,0.18862497806549072
17,0.1896364539861679
18,0.2201294451951981
19,0.22679153084754944
20,0.2659422755241394
21,0.3083719313144684
22,0.3309505581855774
23,0.3417535722255707
0,0.3361361622810364
1,0.3428572416305542
2,0.3059402406215668
3,0.2551882266998291
4,0.2193487584590912
5,0.2011690586805344
6,0.19783809781074524
7,0.2246745079755783
8,0.2453175038099289
9,0.24923576414585116
10,0.23425526916980746
11,0.2061535567045212
12,0.2156825959682465
13,0.2297839820384979
14,0.2417798638343811
15,0.27187758684158325
16,0.2549852728843689
17,0.27994421124458313
18,0.3133460283279419
19,0.309884637594223
20,0.2658382058143616
21,0.20468831062316892
22,0.15896879136562347
23,0.13312849402427673
0,0.1022723913192749
1,0.06980130821466446
2,0.0852111428976059
3,0.0974331945180893
4,0.0919649600982666
5,0.08692898601293564
6,0.09824968874454497
7,0.1461874544620514
8,0.17162129282951355
9,0.18400001525878906
10,0.17784938216209412
11,0.167204350233078
12,0.20178288221359253
13,0.24760456383228305
14,0.2556594312191009
15,0.2349429428577423
16,0.22152294218540192
17,0.22369584441185
18,0.2354024052619934
19,0.22957760095596316
20,0.1909363269805908
21,0.13781991600990295
22,0.10097573697566986
23,0.07354966551065445
0,0.04387620836496353
1,0.06175274774432182
2,0.05140448361635208
3,0.07646500319242477
4,0.09770247340202333
5,0.12287241220474245
6,0.16113676130771634
7,0.22612088918685916
8,0.34764212369918823
9,0.4787538349628449
10,0.4992826879024506
11,0.5176494717597961
12,0.5097344517707825
13,0.4993657767772674
14,0.4154784679412842
15,0.3837032616138458
16,0.29372653365135193
17,0.2918572425842285
18,0.3300021886825561
19,0.3655510544776917
20,0.3792871534824371
21,0.37668031454086304
22,0.3781833946704865
23,0.3796803951263428
0,0.3830183148384094
1,0.38629886507987976
2,0.389300137758255
3,0.3834761381149292
4,0.37758132815361023
5,0.3741889595985413
6,0.3715058863162993
7,0.3837910890579224
8,0.4460007250308991
9,0.4824221730232239
10,0.4966570734977722
11,0.4933364391326904
12,0.4781297743320465
13,0.4511002600193024
14,0.4058325588703156
15,0.3543365299701691
16,0.28158727288246155
17,0.22363893687725067
18,0.1564800888299942
19,0.09239596128463744
20,0.07355281710624695
21,0.06945314258337021
22,0.07898092269897461
23,0.10408881306648254
